<?xml version="1.0"?>
<doc>
    <assembly>
        <name>Message_Service</name>
    </assembly>
    <members>
        <member name="T:Message_Service.Controllers.MessageController">
            <summary>
            Класс, реализующий логику работу приложения MessageController.
            </summary>
        </member>
        <member name="M:Message_Service.Controllers.MessageController.ReadJSONData``1(System.String)">
            <summary>
            Обобщённый метод для десериализации данных из Json файла.
            </summary>
            <typeparam name="T">Тип для десериализации.</typeparam>
            <param name="path">Путь к фалу.</param>
            <returns>Список с десериализованными данными.</returns>
        </member>
        <member name="M:Message_Service.Controllers.MessageController.WriteJSONData``1(System.String,``0)">
            <summary>
            Обобщённый метод для сериализации данных в Json файл.
            </summary>
            <typeparam name="T">Тип для сериализации.</typeparam>
            <param name="path">Путь к файлу.</param>
            <param name="obj">Объек для сериализации.</param>
        </member>
        <member name="M:Message_Service.Controllers.MessageController.CreateUser">
            <summary>
            Случайная генерация случайного количества пользователей и сообщений.
            
            Если во время генерации происходит исключение, то возвращается 
            BadRequest с сообщением об ошибке.
            </summary>
            <returns>Объект IActionResult</returns>
        </member>
        <member name="M:Message_Service.Controllers.MessageController.CreateUser(System.String,System.String)">
            <summary>
            Создание уникального пользователя.
            
            Если пользователь с данным идентификатором уже существует возвращается
            BadRequest - 400 недопустимый запрос.
            </summary>
            <param name="email">Идентификатор пользователя,
            которым является email.</param>
            <param name="userName">Имя пользователя.</param>
            <returns>Объект IActionResult.</returns>
        </member>
        <member name="M:Message_Service.Controllers.MessageController.CreateMessage(System.String,System.String,System.String,System.String)">
            <summary>
            Создание сообщения.
            </summary>
            <param name="emailSender">Идентификатор отправителя.</param>
            <param name="emailReceiver">Идентификатор получателя.</param>
            <param name="subject">Тема письма.</param>
            <param name="messageText">Текст письма.</param>
            <returns>Объект IActionResult.</returns>
        </member>
        <member name="M:Message_Service.Controllers.MessageController.GetUserById(System.String)">
            <summary>
            Получение пользователя по его идентификатору.
            </summary>
            <param name="email">Идентификатор пользователя.</param>
            <returns>Объект IActionResult.</returns>
        </member>
        <member name="M:Message_Service.Controllers.MessageController.GetAllUsers(System.Int32,System.Int32)">
            <summary>
            Получение пользователей. Если оба входных параметра равны нулю, 
            то возвращается список всех пользователей. 
            В противном случае данные проверяются на корректность и возвращается 
            список, сформированный согласно входным параметрам.
            </summary>
            <param name="Limit"></param>
            <param name="Offset"></param>
            <returns></returns>
        </member>
        <member name="M:Message_Service.Controllers.MessageController.GetMessagesBySenderId(System.String)">
            <summary>
            Получения всех сообщений, которые отправлялись
            определённым пользователем.
            </summary>
            <param name="email">Идентификатор пользователя.</param>
            <returns>Объект IActionResult.</returns>
        </member>
        <member name="M:Message_Service.Controllers.MessageController.GetMessagesByReceiverId(System.String)">
            <summary>
            Получение всех сообщений, которые были получены 
            определённым пользователем. 
            </summary>
            <param name="email"></param>
            <returns>Объект IActionResult.</returns>
        </member>
        <member name="M:Message_Service.Controllers.MessageController.GetMessagesByReceiverAndSenderId(System.String,System.String)">
            <summary>
            Получения сообщений по идентификаторам 
            отправителя и получателя.
            </summary>
            <param name="emailSender">Индентификатор отправителя.</param>
            <param name="emailReceiver">Индентификатор получателя.</param>
            <returns>Объект IActionResult</returns>
        </member>
        <member name="M:Message_Service.Controllers.MessageController.GetRandomUsers">
            <summary>
            Генерация пользователя со случайным именем
            и идентификатором.
            </summary>
        </member>
        <member name="M:Message_Service.Controllers.MessageController.GetRandomMessages">
            <summary>
            Генерация сообщения со случаным заголовком и текстом, 
            идентификаторы получателя и отправителя берутся из соответствующего
            Json файла.
            </summary>
        </member>
        <member name="M:Message_Service.Controllers.MessageController.GetRandomString(System.Int32)">
            <summary>
            Метод для получения случайного имени, сообщения
            или части email-a.
            </summary>
            /// <param name="length">Длина необходимой строки.</param>
            <returns>Строка - имя, cообщение или email.</returns>
        </member>
        <member name="T:Message_Service.Models.MessageClass">
            <summary>
            Класс, описывающий тип - Сообщение.
            </summary>
        </member>
        <member name="T:Message_Service.Models.User">
            <summary>
            Класс, описывающий тип - Пользователь.
            </summary>
        </member>
        <member name="P:Message_Service.Models.User.UserName">
            <summary>
            Имя пользователя.
            </summary>
        </member>
        <member name="P:Message_Service.Models.User.Email">
            <summary>
            Уникальный идентификатор.
            </summary>
        </member>
    </members>
</doc>
